"807","2014-04-01 00:00:00","0","804","1","0","0","1998401","0","07"
"807","2014-05-01 00:00:00","0","804","1","0","0","19323","0","07"
"807","2014-06-01 00:00:00","0","804","1","0","0","8191","0","07"
"807","2014-03-01 00:00:00","0","804","1","0","0","211954","0","07"
"807","2014-05-01 00:00:00","19921","804","1","0","0","19323","0","0701"
"807","2014-04-01 00:00:00","28120","804","1","0","0","27558","0","0701"
"807","2014-04-01 00:00:00","28120","804","1","0","0","27558","0","070190"
"807","2014-05-01 00:00:00","19921","804","1","0","0","19323","0","070190"
"807","2014-06-01 00:00:00","20000","804","1","0","0","8191","0","0703"
"807","2014-06-01 00:00:00","20000","804","1","0","0","8191","0","070310"
"807","2014-04-01 00:00:00","2313756","804","1","0","0","1970843","0","0704"
"807","2014-03-01 00:00:00","244378","804","1","0","0","211954","0","0704"
"807","2014-03-01 00:00:00","244378","804","1","0","0","211954","0","070490"
"807","2014-04-01 00:00:00","2313756","804","1","0","0","1970843","0","070490"
"807","2014-02-01 00:00:00","0","804","1","0","0","31326","0","08"
"807","2014-06-01 00:00:00","0","804","1","0","0","401361","0","08"
"807","2014-07-01 00:00:00","0","804","1","0","0","1133181","0","08"
"807","2014-08-01 00:00:00","0","804","1","0","0","616045","0","08"
"807","2014-09-01 00:00:00","0","804","1","0","0","33591","0","08"
"807","2014-12-01 00:00:00","0","804","2","0","0","128494","0","08"
"807","2014-10-01 00:00:00","0","804","1","0","0","58573","0","08"
"807","2014-12-01 00:00:00","30000","804","2","0","0","115016","0","0802"
"807","2014-12-01 00:00:00","30000","804","2","0","0","115016","0","080232"
"807","2014-02-01 00:00:00","19579","804","1","0","0","31326","0","0806"
"807","2014-02-01 00:00:00","19579","804","1","0","0","31326","0","080610"
"807","2014-06-01 00:00:00","401614","804","1","0","0","401361","0","0809"
"807","2014-09-01 00:00:00","34040","804","1","0","0","33591","0","0809"
"807","2014-08-01 00:00:00","617356","804","1","0","0","616045","0","0809"
"807","2014-07-01 00:00:00","1129966","804","1","0","0","1133181","0","0809"
"807","2014-07-01 00:00:00","6000","804","1","0","0","6008","0","080910"
"807","2014-06-01 00:00:00","1180","804","1","0","0","1180","0","080910"
"807","2014-07-01 00:00:00","7970","804","1","0","0","12431","0","080929"
"807","2014-07-01 00:00:00","1099099","804","1","0","0","1097158","0","080930"
"807","2014-08-01 00:00:00","595911","804","1","0","0","593463","0","080930"
"807","2014-09-01 00:00:00","34040","804","1","0","0","33591","0","080930"
"807","2014-06-01 00:00:00","400434","804","1","0","0","400181","0","080930"
"807","2014-08-01 00:00:00","21445","804","1","0","0","22582","0","080940"
"807","2014-07-01 00:00:00","16897","804","1","0","0","17585","0","080940"
"807","2014-10-01 00:00:00","33470","804","1","0","0","58573","0","0810"
"807","2014-10-01 00:00:00","33470","804","1","0","0","58573","0","081070"
"807","2014-12-01 00:00:00","4562","804","2","0","0","13478","0","0813"
"807","2014-12-01 00:00:00","4562","804","2","0","0","13478","0","081340"
"807","2014-11-01 00:00:00","0","804","2","0","0","684","0","09"
"807","2014-10-01 00:00:00","0","804","2","0","0","5328","0","09"
"807","2014-10-01 00:00:00","203","804","2","0","0","3785","0","0902"
"807","2014-11-01 00:00:00","25","804","2","0","0","684","0","0902"
"807","2014-10-01 00:00:00","101","804","2","0","0","1910","0","090210"
"807","2014-10-01 00:00:00","101","804","2","0","0","1876","0","090230"
"807","2014-11-01 00:00:00","25","804","2","0","0","684","0","090230"
"807","2014-10-01 00:00:00","59","804","2","0","0","1543","0","0910"
"807","2014-10-01 00:00:00","59","804","2","0","0","1543","0","091099"
"807","2014-10-01 00:00:00","0","804","2","0","0","18699","0","12"
"807","2014-11-01 00:00:00","0","804","1","0","0","121","0","12"
"807","2014-11-01 00:00:00","0","804","2","0","0","65137","0","12"
"807","2014-12-01 00:00:00","0","804","2","0","0","55658","0","12"
"807","2014-05-01 00:00:00","0","804","2","0","0","21028","0","12"
"807","2014-09-01 00:00:00","0","804","2","0","0","8512","0","12"
"807","2014-03-01 00:00:00","0","804","2","0","0","31500","0","12"
"807","2014-01-01 00:00:00","0","804","2","0","0","17675","0","12"
"807","2014-01-01 00:00:00","7000","804","2","0","0","4299","0","1204"
"807","2014-09-01 00:00:00","21000","804","2","0","0","8512","0","1204"
"807","2014-09-01 00:00:00","21000","804","2","0","0","8512","0","120400"
"807","2014-01-01 00:00:00","7000","804","2","0","0","4299","0","120400"
"807","2014-01-01 00:00:00","14000","804","2","0","0","13376","0","1206"
"807","2014-01-01 00:00:00","14000","804","2","0","0","13376","0","120600"
"807","2014-12-01 00:00:00","22000","804","2","0","0","9862","0","1207"
"807","2014-12-01 00:00:00","22000","804","2","0","0","9862","0","120750"
"807","2014-12-01 00:00:00","11000","804","2","0","0","22015","0","1209"
"807","2014-11-01 00:00:00","63000","804","2","0","0","60087","0","1209"
"807","2014-03-01 00:00:00","21000","804","2","0","0","31500","0","1209"
"807","2014-05-01 00:00:00","21000","804","2","0","0","21028","0","1209"
"807","2014-05-01 00:00:00","21000","804","2","0","0","21028","0","120991"
"807","2014-03-01 00:00:00","21000","804","2","0","0","31500","0","120991"
"807","2014-11-01 00:00:00","63000","804","2","0","0","60087","0","120991"
"807","2014-12-01 00:00:00","11000","804","2","0","0","22015","0","120991"
"807","2014-12-01 00:00:00","8450","804","2","0","0","23781","0","1211"
"807","2014-11-01 00:00:00","156","804","2","0","0","5050","0","1211"
"807","2014-10-01 00:00:00","703","804","2","0","0","18699","0","1211"
"807","2014-10-01 00:00:00","703","804","2","0","0","18699","0","121190"
"807","2014-11-01 00:00:00","156","804","2","0","0","5050","0","121190"
"807","2014-12-01 00:00:00","8450","804","2","0","0","23781","0","121190"
"807","2014-11-01 00:00:00","10","804","1","0","0","121","0","1212"
"807","2014-11-01 00:00:00","10","804","1","0","0","121","0","121299"
"807","2014-03-01 00:00:00","0","804","2","0","0","517441","0","15"
"807","2014-01-01 00:00:00","0","804","2","0","0","1399715","0","15"
"807","2014-02-01 00:00:00","0","804","2","0","0","404018","0","15"
"807","2014-04-01 00:00:00","0","804","2","0","0","538737","0","15"
"807","2014-04-01 00:00:00","551390","804","2","0","0","538737","0","1512"
"807","2014-02-01 00:00:00","404390","804","2","0","0","404018","0","1512"
"807","2014-01-01 00:00:00","1497286","804","2","0","0","1399715","0","1512"
"807","2014-03-01 00:00:00","528620","804","2","0","0","517441","0","1512"
"807","2014-01-01 00:00:00","1020396","804","2","0","0","909173","0","151211"
"807","2014-01-01 00:00:00","476890","804","2","0","0","490542","0","151219"
"807","2014-02-01 00:00:00","404390","804","2","0","0","404018","0","151219"
"807","2014-03-01 00:00:00","528620","804","2","0","0","517441","0","151219"
"807","2014-04-01 00:00:00","551390","804","2","0","0","538737","0","151219"
"807","2014-10-01 00:00:00","0","804","1","0","0","932","0","17"
"807","2014-10-01 00:00:00","680","804","1","0","0","932","0","1704"
"807","2014-10-01 00:00:00","680","804","1","0","0","932","0","170410"
"807","2014-10-01 00:00:00","0","804","2","0","0","1536","0","18"
"807","2014-04-01 00:00:00","0","804","1","0","0","2867","0","18"
"807","2014-04-01 00:00:00","163","804","1","0","0","2867","0","1806"
"807","2014-10-01 00:00:00","96","804","2","0","0","1536","0","1806"
"807","2014-10-01 00:00:00","96","804","2","0","0","1536","0","180631"
"807","2014-04-01 00:00:00","163","804","1","0","0","2867","0","180631"
"807","2014-04-01 00:00:00","0","804","1","0","0","37570","0","19"
"807","2014-10-01 00:00:00","0","804","2","0","0","34851","0","19"
"807","2014-11-01 00:00:00","0","804","2","0","0","11668","0","19"
"807","2014-11-01 00:00:00","2498","804","2","0","0","11668","0","1904"
"807","2014-10-01 00:00:00","5554","804","2","0","0","34851","0","1904"
"807","2014-04-01 00:00:00","5480","804","1","0","0","37570","0","1904"
"807","2014-04-01 00:00:00","2780","804","1","0","0","13761","0","190410"
"807","2014-10-01 00:00:00","1883","804","2","0","0","11061","0","190410"
"807","2014-11-01 00:00:00","1523","804","2","0","0","6261","0","190410"
"807","2014-11-01 00:00:00","975","804","2","0","0","5407","0","190420"
"807","2014-10-01 00:00:00","3672","804","2","0","0","23790","0","190420"
"807","2014-04-01 00:00:00","2700","804","1","0","0","23809","0","190420"
"807","2014-04-01 00:00:00","0","804","2","0","0","34061","0","20"
"807","2014-04-01 00:00:00","35200","804","2","0","0","34061","0","2007"
"807","2014-04-01 00:00:00","35200","804","2","0","0","34061","0","200799"
"807","2014-06-01 00:00:00","0","804","2","0","0","641","0","21"
"807","2014-02-01 00:00:00","0","804","1","0","0","17809","0","21"
"807","2014-10-01 00:00:00","0","804","2","0","0","1269","0","21"
"807","2014-11-01 00:00:00","0","804","2","0","0","882","0","21"
"807","2014-11-01 00:00:00","37","804","2","0","0","882","0","2106"
"807","2014-10-01 00:00:00","59","804","2","0","0","1269","0","2106"
"807","2014-02-01 00:00:00","189","804","1","0","0","17809","0","2106"
"807","2014-06-01 00:00:00","20","804","2","0","0","641","0","2106"
"807","2014-06-01 00:00:00","20","804","2","0","0","641","0","210690"
"807","2014-02-01 00:00:00","189","804","1","0","0","17809","0","210690"
"807","2014-10-01 00:00:00","59","804","2","0","0","1269","0","210690"
"807","2014-11-01 00:00:00","37","804","2","0","0","882","0","210690"
"807","2014-10-01 00:00:00","0","804","1","0","0","846522","0","24"
"807","2014-12-01 00:00:00","0","804","1","0","0","233682","0","24"
"807","2014-11-01 00:00:00","0","804","1","0","0","1024657","0","24"
"807","2014-02-01 00:00:00","0","804","1","0","0","388611","0","24"
"807","2014-01-01 00:00:00","0","804","1","0","0","191065","0","24"
"807","2014-06-01 00:00:00","0","804","1","0","0","647929","0","24"
"807","2014-05-01 00:00:00","0","804","1","0","0","665640","0","24"
"807","2014-08-01 00:00:00","0","804","1","0","0","655558","0","24"
"807","2014-07-01 00:00:00","0","804","1","0","0","421027","0","24"
"807","2014-09-01 00:00:00","0","804","1","0","0","467602","0","24"
"807","2014-09-01 00:00:00","64750","804","1","0","0","467473","0","2401"
"807","2014-07-01 00:00:00","61460","804","1","0","0","421027","0","2401"
"807","2014-08-01 00:00:00","93380","804","1","0","0","655558","0","2401"
"807","2014-05-01 00:00:00","100450","804","1","0","0","665487","0","2401"
"807","2014-06-01 00:00:00","98000","804","1","0","0","647929","0","2401"
"807","2014-01-01 00:00:00","22400","804","1","0","0","190843","0","2401"
"807","2014-02-01 00:00:00","50890","804","1","0","0","388611","0","2401"
"807","2014-11-01 00:00:00","161000","804","1","0","0","1024657","0","2401"
"807","2014-12-01 00:00:00","31080","804","1","0","0","233682","0","2401"
"807","2014-10-01 00:00:00","133213","804","1","0","0","846522","0","2401"
"807","2014-10-01 00:00:00","133213","804","1","0","0","846522","0","240110"
"807","2014-12-01 00:00:00","31080","804","1","0","0","233682","0","240110"
"807","2014-11-01 00:00:00","161000","804","1","0","0","1024657","0","240110"
"807","2014-02-01 00:00:00","50890","804","1","0","0","388611","0","240110"
"807","2014-01-01 00:00:00","22400","804","1","0","0","190843","0","240110"
"807","2014-06-01 00:00:00","98000","804","1","0","0","647929","0","240110"
"807","2014-05-01 00:00:00","100450","804","1","0","0","665487","0","240110"
"807","2014-08-01 00:00:00","93380","804","1","0","0","655558","0","240110"
"807","2014-07-01 00:00:00","61460","804","1","0","0","421027","0","240110"
"807","2014-09-01 00:00:00","64750","804","1","0","0","467473","0","240110"
"807","2014-09-01 00:00:00","1","804","1","0","0","129","0","2402"
"807","2014-05-01 00:00:00","2","804","1","0","0","153","0","2402"
"807","2014-01-01 00:00:00","2","804","1","0","0","222","0","2402"
"807","2014-01-01 00:00:00","2","804","1","0","0","222","0","240220"
"807","2014-05-01 00:00:00","2","804","1","0","0","153","0","240220"
"807","2014-09-01 00:00:00","1","804","1","0","0","129","0","240220"
"807","2014-11-01 00:00:00","0","804","2","0","0","211","0","25"
"807","2014-12-01 00:00:00","0","804","2","0","0","3968","0","25"
"807","2014-12-01 00:00:00","21000","804","2","0","0","3968","0","2507"
"807","2014-11-01 00:00:00","21000","804","2","0","0","211","0","2507"
"807","2014-11-01 00:00:00","21000","804","2","0","0","211","0","250700"
"807","2014-12-01 00:00:00","21000","804","2","0","0","3968","0","250700"
"807","2014-09-01 00:00:00","0","804","1","0","0","552","0","26"
"807","2014-09-01 00:00:00","138","804","1","0","0","552","0","2601"
"807","2014-09-01 00:00:00","138","804","1","0","0","552","0","260111"
"807","2014-09-01 00:00:00","0","804","2","0","0","2967","0","27"
"807","2014-07-01 00:00:00","0","804","2","0","0","2110","0","27"
"807","2014-06-01 00:00:00","0","804","2","0","0","5206","0","27"
"807","2014-03-01 00:00:00","0","804","2","0","0","27197","0","27"
"807","2014-03-01 00:00:00","15539","804","2","0","0","27197","0","2710"
"807","2014-06-01 00:00:00","3061","804","2","0","0","5206","0","2710"
"807","2014-07-01 00:00:00","46","804","2","0","0","2110","0","2710"
"807","2014-09-01 00:00:00","1769","804","2","0","0","2967","0","2710"
"807","2014-09-01 00:00:00","1769","804","2","0","0","2967","0","271019"
"807","2014-07-01 00:00:00","46","804","2","0","0","2110","0","271019"
"807","2014-06-01 00:00:00","3061","804","2","0","0","5206","0","271019"
"807","2014-03-01 00:00:00","15539","804","2","0","0","27197","0","271019"
"807","2014-01-01 00:00:00","0","804","1","0","0","350","0","28"
"807","2014-06-01 00:00:00","0","804","1","0","0","1241","0","28"
"807","2014-08-01 00:00:00","0","804","1","0","0","63","0","28"
"807","2014-12-01 00:00:00","0","804","1","0","0","771","0","28"
"807","2014-08-01 00:00:00","1","804","1","0","0","63","0","2833"
"807","2014-08-01 00:00:00","1","804","1","0","0","63","0","283329"
"807","2014-06-01 00:00:00","1","804","1","0","0","1241","0","2843"
"807","2014-01-01 00:00:00","0","804","1","0","0","350","0","2843"
"807","2014-12-01 00:00:00","0","804","1","0","0","771","0","2843"
"807","2014-12-01 00:00:00","0","804","1","0","0","771","0","284321"
"807","2014-01-01 00:00:00","0","804","1","0","0","350","0","284321"
"807","2014-06-01 00:00:00","1","804","1","0","0","1241","0","284321"
"807","2014-02-01 00:00:00","0","804","1","0","0","72412","0","30"
"807","2014-08-01 00:00:00","0","804","1","0","0","85078","0","30"
"807","2014-07-01 00:00:00","0","804","1","0","0","78571","0","30"
"807","2014-12-01 00:00:00","0","804","1","0","0","67092","0","30"
"807","2014-10-01 00:00:00","0","804","1","0","0","108848","0","30"
"807","2014-10-01 00:00:00","3829","804","1","0","0","108848","0","3004"
"807","2014-12-01 00:00:00","2034","804","1","0","0","67092","0","3004"
"807","2014-07-01 00:00:00","1242","804","1","0","0","78571","0","3004"
"807","2014-08-01 00:00:00","1329","804","1","0","0","85078","0","3004"
"807","2014-02-01 00:00:00","512","804","1","0","0","72412","0","3004"
"807","2014-02-01 00:00:00","512","804","1","0","0","72412","0","300420"
"807","2014-08-01 00:00:00","649","804","1","0","0","64384","0","300420"
"807","2014-07-01 00:00:00","273","804","1","0","0","57557","0","300420"
"807","2014-12-01 00:00:00","31","804","1","0","0","18329","0","300420"
"807","2014-10-01 00:00:00","80","804","1","0","0","4054","0","300420"
"807","2014-12-01 00:00:00","2","804","1","0","0","147","0","300440"
"807","2014-12-01 00:00:00","2001","804","1","0","0","48617","0","300490"
"807","2014-10-01 00:00:00","3749","804","1","0","0","104793","0","300490"
"807","2014-07-01 00:00:00","969","804","1","0","0","21014","0","300490"
"807","2014-08-01 00:00:00","680","804","1","0","0","20695","0","300490"
"807","2014-07-01 00:00:00","0","804","1","0","0","18","0","33"
"807","2014-10-01 00:00:00","0","804","1","0","0","32","0","33"
"807","2014-11-01 00:00:00","0","804","1","0","0","33","0","33"
"807","2014-11-01 00:00:00","4","804","1","0","0","33","0","3305"
"807","2014-10-01 00:00:00","4","804","1","0","0","32","0","3305"
"807","2014-07-01 00:00:00","2","804","1","0","0","18","0","3305"
"807","2014-07-01 00:00:00","2","804","1","0","0","18","0","330590"
"807","2014-10-01 00:00:00","4","804","1","0","0","32","0","330590"
"807","2014-11-01 00:00:00","4","804","1","0","0","33","0","330590"
"807","2014-09-01 00:00:00","0","804","2","0","0","15275","0","38"
"807","2014-06-01 00:00:00","0","804","1","0","0","193","0","38"
"807","2014-06-01 00:00:00","0","804","2","0","0","15509","0","38"
"807","2014-09-01 00:00:00","6200","804","2","0","0","959","0","3816"
"807","2014-09-01 00:00:00","6200","804","2","0","0","959","0","381600"
"807","2014-09-01 00:00:00","1746","804","2","0","0","2772","0","3819"
"807","2014-06-01 00:00:00","4190","804","2","0","0","6822","0","3819"
"807","2014-06-01 00:00:00","4190","804","2","0","0","6822","0","381900"
"807","2014-09-01 00:00:00","1746","804","2","0","0","2772","0","381900"
"807","2014-09-01 00:00:00","17800","804","2","0","0","11544","0","3820"
"807","2014-06-01 00:00:00","12869","804","2","0","0","8687","0","3820"
"807","2014-06-01 00:00:00","12869","804","2","0","0","8687","0","382000"
"807","2014-09-01 00:00:00","17800","804","2","0","0","11544","0","382000"
"807","2014-06-01 00:00:00","4","804","1","0","0","193","0","3824"
"807","2014-06-01 00:00:00","4","804","1","0","0","193","0","382440"
"807","2014-02-01 00:00:00","0","804","1","0","0","17","0","39"
"807","2014-03-01 00:00:00","0","804","2","0","0","2719","0","39"
"807","2014-01-01 00:00:00","0","804","2","0","0","631","0","39"
"807","2014-09-01 00:00:00","0","804","2","0","0","1625","0","39"
"807","2014-07-01 00:00:00","0","804","1","0","0","9","0","39"
"807","2014-11-01 00:00:00","0","804","1","0","0","41","0","39"
"807","2014-10-01 00:00:00","0","804","2","0","0","875","0","39"
"807","2014-10-01 00:00:00","0","804","1","0","0","30","0","39"
"807","2014-12-01 00:00:00","0","804","1","0","0","38","0","39"
"807","2014-10-01 00:00:00","6","804","2","0","0","875","0","3907"
"807","2014-10-01 00:00:00","6","804","2","0","0","875","0","390730"
"807","2014-09-01 00:00:00","13","804","2","0","0","115","0","3917"
"807","2014-03-01 00:00:00","32","804","2","0","0","317","0","3917"
"807","2014-03-01 00:00:00","32","804","2","0","0","317","0","391740"
"807","2014-09-01 00:00:00","13","804","2","0","0","115","0","391740"
"807","2014-09-01 00:00:00","99","804","2","0","0","259","0","3923"
"807","2014-01-01 00:00:00","15","804","2","0","0","631","0","3923"
"807","2014-02-01 00:00:00","10","804","1","0","0","17","0","3923"
"807","2014-09-01 00:00:00","99","804","2","0","0","259","0","392310"
"807","2014-02-01 00:00:00","10","804","1","0","0","17","0","392321"
"807","2014-01-01 00:00:00","15","804","2","0","0","631","0","392350"
"807","2014-03-01 00:00:00","294","804","2","0","0","2403","0","3925"
"807","2014-09-01 00:00:00","141","804","2","0","0","1251","0","3925"
"807","2014-09-01 00:00:00","141","804","2","0","0","1251","0","392590"
"807","2014-03-01 00:00:00","294","804","2","0","0","2403","0","392590"
"807","2014-07-01 00:00:00","0","804","1","0","0","9","0","3926"
"807","2014-11-01 00:00:00","1","804","1","0","0","41","0","3926"
"807","2014-12-01 00:00:00","1","804","1","0","0","38","0","3926"
"807","2014-10-01 00:00:00","0","804","1","0","0","30","0","3926"
"807","2014-12-01 00:00:00","1","804","1","0","0","38","0","392630"
"807","2014-11-01 00:00:00","1","804","1","0","0","41","0","392630"
"807","2014-07-01 00:00:00","0","804","1","0","0","9","0","392630"
"807","2014-10-01 00:00:00","0","804","1","0","0","30","0","392690"
"807","2014-11-01 00:00:00","0","804","2","0","0","27334","0","40"
"807","2014-11-01 00:00:00","0","804","1","0","0","213","0","40"
"807","2014-10-01 00:00:00","0","804","2","0","0","81464","0","40"
"807","2014-06-01 00:00:00","0","804","1","0","0","61","0","40"
"807","2014-11-01 00:00:00","0","804","1","0","0","53","0","4009"
"807","2014-11-01 00:00:00","0","804","1","0","0","53","0","400941"
"807","2014-10-01 00:00:00","136","804","2","0","0","17151","0","4011"
"807","2014-11-01 00:00:00","6590","804","2","0","0","19482","0","4011"
"807","2014-11-01 00:00:00","4488","804","2","0","0","13749","0","401110"
"807","2014-11-01 00:00:00","2102","804","2","0","0","5734","0","401120"
"807","2014-10-01 00:00:00","136","804","2","0","0","17151","0","401130"
"807","2014-10-01 00:00:00","9","804","2","0","0","64314","0","4016"
"807","2014-11-01 00:00:00","2","804","1","0","0","159","0","4016"
"807","2014-11-01 00:00:00","25","804","2","0","0","7852","0","4016"
"807","2014-06-01 00:00:00","1","804","1","0","0","61","0","4016"
"807","2014-11-01 00:00:00","25","804","2","0","0","7852","0","401693"
"807","2014-11-01 00:00:00","1","804","1","0","0","120","0","401693"
"807","2014-10-01 00:00:00","6","804","2","0","0","42876","0","401693"
"807","2014-10-01 00:00:00","3","804","2","0","0","21438","0","401699"
"807","2014-11-01 00:00:00","2","804","1","0","0","39","0","401699"
"807","2014-06-01 00:00:00","1","804","1","0","0","61","0","401699"
"807","2014-09-01 00:00:00","0","804","1","0","0","8247","0","42"
"807","2014-09-01 00:00:00","19","804","1","0","0","8247","0","4203"
"807","2014-09-01 00:00:00","19","804","1","0","0","8247","0","420310"
"807","2014-09-01 00:00:00","0","804","1","0","0","1320","0","43"
"807","2014-08-01 00:00:00","0","804","1","0","0","2033","0","43"
"807","2014-11-01 00:00:00","0","804","1","0","0","1382","0","43"
"807","2014-10-01 00:00:00","0","804","1","0","0","2032","0","43"
"807","2014-10-01 00:00:00","5","804","1","0","0","2032","0","4303"
"807","2014-11-01 00:00:00","2","804","1","0","0","1382","0","4303"
"807","2014-08-01 00:00:00","4","804","1","0","0","2033","0","4303"
"807","2014-09-01 00:00:00","3","804","1","0","0","1320","0","4303"
"807","2014-09-01 00:00:00","3","804","1","0","0","1320","0","430310"
"807","2014-08-01 00:00:00","4","804","1","0","0","2033","0","430310"
"807","2014-11-01 00:00:00","2","804","1","0","0","1382","0","430310"
"807","2014-10-01 00:00:00","5","804","1","0","0","2032","0","430310"
"807","2014-11-01 00:00:00","0","804","2","0","0","3161","0","44"
"807","2014-10-01 00:00:00","0","804","2","0","0","3173","0","44"
"807","2014-12-01 00:00:00","0","804","2","0","0","3073","0","44"
"807","2014-07-01 00:00:00","0","804","2","0","0","10172","0","44"
"807","2014-05-01 00:00:00","0","804","2","0","0","7378","0","44"
"807","2014-08-01 00:00:00","0","804","2","0","0","10738","0","44"
"807","2014-09-01 00:00:00","0","804","2","0","0","19458","0","44"
"807","2014-06-01 00:00:00","0","804","2","0","0","16776","0","44"
"807","2014-04-01 00:00:00","0","804","2","0","0","15354","0","44"
"807","2014-04-01 00:00:00","114779","804","2","0","0","5840","0","4403"
"807","2014-04-01 00:00:00","114779","804","2","0","0","5840","0","440320"
"807","2014-04-01 00:00:00","59300","804","2","0","0","9515","0","4407"
"807","2014-06-01 00:00:00","42450","804","2","0","0","6521","0","4407"
"807","2014-09-01 00:00:00","43900","804","2","0","0","6639","0","4407"
"807","2014-08-01 00:00:00","43700","804","2","0","0","6715","0","4407"
"807","2014-05-01 00:00:00","42800","804","2","0","0","7378","0","4407"
"807","2014-07-01 00:00:00","61850","804","2","0","0","10172","0","4407"
"807","2014-12-01 00:00:00","20950","804","2","0","0","3073","0","4407"
"807","2014-10-01 00:00:00","21550","804","2","0","0","3173","0","4407"
"807","2014-11-01 00:00:00","22350","804","2","0","0","3161","0","4407"
"807","2014-11-01 00:00:00","22350","804","2","0","0","3161","0","440710"
"807","2014-10-01 00:00:00","21550","804","2","0","0","3173","0","440710"
"807","2014-12-01 00:00:00","20950","804","2","0","0","3073","0","440710"
"807","2014-07-01 00:00:00","61850","804","2","0","0","10172","0","440710"
"807","2014-05-01 00:00:00","42800","804","2","0","0","7378","0","440710"
"807","2014-08-01 00:00:00","43700","804","2","0","0","6715","0","440710"
"807","2014-09-01 00:00:00","43900","804","2","0","0","6639","0","440710"
"807","2014-06-01 00:00:00","42450","804","2","0","0","6521","0","440710"
"807","2014-04-01 00:00:00","59300","804","2","0","0","9515","0","440710"
"807","2014-06-01 00:00:00","18950","804","2","0","0","10255","0","4409"
"807","2014-08-01 00:00:00","4780","804","2","0","0","4023","0","4409"
"807","2014-08-01 00:00:00","4780","804","2","0","0","4023","0","440929"
"807","2014-06-01 00:00:00","18950","804","2","0","0","10255","0","440929"
"807","2014-09-01 00:00:00","19937","804","2","0","0","12353","0","4412"
"807","2014-09-01 00:00:00","19937","804","2","0","0","12353","0","441232"
"807","2014-09-01 00:00:00","42","804","2","0","0","466","0","4421"
"807","2014-09-01 00:00:00","42","804","2","0","0","466","0","442190"
"807","2014-08-01 00:00:00","0","804","2","0","0","11069","0","48"
"807","2014-05-01 00:00:00","0","804","2","0","0","11088","0","48"
"807","2014-04-01 00:00:00","0","804","1","0","0","454","0","48"
"807","2014-02-01 00:00:00","0","804","2","0","0","11307","0","48"
"807","2014-11-01 00:00:00","0","804","2","0","0","11244","0","48"
"807","2014-11-01 00:00:00","14414","804","2","0","0","11244","0","4818"
"807","2014-02-01 00:00:00","14565","804","2","0","0","11307","0","4818"
"807","2014-05-01 00:00:00","14395","804","2","0","0","11088","0","4818"
"807","2014-08-01 00:00:00","14375","804","2","0","0","11069","0","4818"
"807","2014-08-01 00:00:00","14375","804","2","0","0","11069","0","481810"
"807","2014-05-01 00:00:00","14395","804","2","0","0","11088","0","481810"
"807","2014-02-01 00:00:00","14565","804","2","0","0","11307","0","481810"
"807","2014-11-01 00:00:00","14414","804","2","0","0","11244","0","481810"
"807","2014-04-01 00:00:00","307","804","1","0","0","454","0","4819"
"807","2014-04-01 00:00:00","307","804","1","0","0","454","0","481920"
"807","2014-02-01 00:00:00","0","804","2","0","0","14132","0","56"
"807","2014-05-01 00:00:00","0","804","2","0","0","18142","0","56"
"807","2014-08-01 00:00:00","0","804","2","0","0","17814","0","56"
"807","2014-11-01 00:00:00","0","804","2","0","0","16553","0","56"
"807","2014-11-01 00:00:00","2550","804","2","0","0","16553","0","5601"
"807","2014-08-01 00:00:00","2550","804","2","0","0","17814","0","5601"
"807","2014-05-01 00:00:00","2550","804","2","0","0","18142","0","5601"
"807","2014-02-01 00:00:00","2160","804","2","0","0","14132","0","5601"
"807","2014-02-01 00:00:00","2160","804","2","0","0","14132","0","560122"
"807","2014-05-01 00:00:00","2550","804","2","0","0","18142","0","560122"
"807","2014-08-01 00:00:00","2550","804","2","0","0","17814","0","560122"
"807","2014-11-01 00:00:00","2550","804","2","0","0","16553","0","560122"
"807","2014-10-01 00:00:00","0","804","1","0","0","202","0","61"
"807","2014-11-01 00:00:00","0","804","1","0","0","373","0","61"
"807","2014-09-01 00:00:00","0","804","1","0","0","30","0","61"
"807","2014-08-01 00:00:00","0","804","1","0","0","2857","0","61"
"807","2014-07-01 00:00:00","0","804","1","0","0","151","0","61"
"807","2014-02-01 00:00:00","0","804","1","0","0","730","0","61"
"807","2014-01-01 00:00:00","0","804","1","0","0","2911","0","61"
"807","2014-06-01 00:00:00","0","804","1","0","0","258","0","61"
"807","2014-05-01 00:00:00","0","804","1","0","0","77","0","61"
"807","2014-01-01 00:00:00","10","804","1","0","0","1087","0","6101"
"807","2014-01-01 00:00:00","10","804","1","0","0","1087","0","610130"
"807","2014-01-01 00:00:00","1","804","1","0","0","179","0","6102"
"807","2014-10-01 00:00:00","1","804","1","0","0","88","0","6102"
"807","2014-10-01 00:00:00","1","804","1","0","0","88","0","610230"
"807","2014-01-01 00:00:00","1","804","1","0","0","179","0","610230"
"807","2014-01-01 00:00:00","31","804","1","0","0","1512","0","6104"
"807","2014-02-01 00:00:00","17","804","1","0","0","222","0","6104"
"807","2014-05-01 00:00:00","9","804","1","0","0","51","0","6104"
"807","2014-06-01 00:00:00","10","804","1","0","0","258","0","6104"
"807","2014-02-01 00:00:00","6","804","1","0","0","98","0","610433"
"807","2014-02-01 00:00:00","5","804","1","0","0","59","0","610442"
"807","2014-01-01 00:00:00","31","804","1","0","0","1512","0","610443"
"807","2014-06-01 00:00:00","8","804","1","0","0","243","0","610444"
"807","2014-05-01 00:00:00","3","804","1","0","0","16","0","610462"
"807","2014-02-01 00:00:00","6","804","1","0","0","66","0","610462"
"807","2014-05-01 00:00:00","6","804","1","0","0","35","0","610469"
"807","2014-06-01 00:00:00","2","804","1","0","0","14","0","610469"
"807","2014-11-01 00:00:00","4","804","1","0","0","70","0","6105"
"807","2014-11-01 00:00:00","4","804","1","0","0","70","0","610510"
"807","2014-05-01 00:00:00","1","804","1","0","0","26","0","6109"
"807","2014-02-01 00:00:00","25","804","1","0","0","508","0","6109"
"807","2014-01-01 00:00:00","7","804","1","0","0","132","0","6109"
"807","2014-07-01 00:00:00","3","804","1","0","0","151","0","6109"
"807","2014-08-01 00:00:00","5","804","1","0","0","311","0","6109"
"807","2014-09-01 00:00:00","4","804","1","0","0","30","0","6109"
"807","2014-09-01 00:00:00","4","804","1","0","0","30","0","610910"
"807","2014-08-01 00:00:00","5","804","1","0","0","311","0","610910"
"807","2014-07-01 00:00:00","0","804","1","0","0","46","0","610910"
"807","2014-01-01 00:00:00","7","804","1","0","0","132","0","610910"
"807","2014-02-01 00:00:00","15","804","1","0","0","230","0","610910"
"807","2014-05-01 00:00:00","1","804","1","0","0","26","0","610910"
"807","2014-02-01 00:00:00","10","804","1","0","0","278","0","610990"
"807","2014-07-01 00:00:00","2","804","1","0","0","106","0","610990"
"807","2014-08-01 00:00:00","50","804","1","0","0","2546","0","6110"
"807","2014-10-01 00:00:00","8","804","1","0","0","115","0","6110"
"807","2014-10-01 00:00:00","6","804","1","0","0","86","0","611020"
"807","2014-08-01 00:00:00","44","804","1","0","0","2291","0","611020"
"807","2014-08-01 00:00:00","6","804","1","0","0","255","0","611030"
"807","2014-10-01 00:00:00","2","804","1","0","0","29","0","611030"
"807","2014-11-01 00:00:00","24","804","1","0","0","303","0","6114"
"807","2014-11-01 00:00:00","24","804","1","0","0","303","0","611490"
"807","2014-11-01 00:00:00","0","804","1","0","0","578","0","62"
"807","2014-10-01 00:00:00","0","804","1","0","0","7520","0","62"
"807","2014-08-01 00:00:00","0","804","1","0","0","8609","0","62"
"807","2014-07-01 00:00:00","0","804","1","0","0","9410","0","62"
"807","2014-09-01 00:00:00","0","804","1","0","0","4244","0","62"
"807","2014-02-01 00:00:00","0","804","1","0","0","11352","0","62"
"807","2014-01-01 00:00:00","0","804","1","0","0","796","0","62"
"807","2014-05-01 00:00:00","0","804","1","0","0","3861","0","62"
"807","2014-06-01 00:00:00","0","804","1","0","0","1784","0","62"
"807","2014-08-01 00:00:00","27","804","1","0","0","948","0","6202"
"807","2014-10-01 00:00:00","3","804","1","0","0","37","0","6202"
"807","2014-10-01 00:00:00","2","804","1","0","0","24","0","620211"
"807","2014-08-01 00:00:00","27","804","1","0","0","948","0","620292"
"807","2014-10-01 00:00:00","1","804","1","0","0","13","0","620299"
"807","2014-10-01 00:00:00","26","804","1","0","0","2995","0","6203"
"807","2014-08-01 00:00:00","96","804","1","0","0","6302","0","6203"
"807","2014-09-01 00:00:00","5","804","1","0","0","549","0","6203"
"807","2014-06-01 00:00:00","25","804","1","0","0","1700","0","6203"
"807","2014-02-01 00:00:00","48","804","1","0","0","3316","0","6203"
"807","2014-09-01 00:00:00","5","804","1","0","0","549","0","620332"
"807","2014-08-01 00:00:00","40","804","1","0","0","4748","0","620341"
"807","2014-02-01 00:00:00","23","804","1","0","0","1814","0","620341"
"807","2014-06-01 00:00:00","14","804","1","0","0","1374","0","620341"
"807","2014-10-01 00:00:00","26","804","1","0","0","2995","0","620341"
"807","2014-06-01 00:00:00","11","804","1","0","0","326","0","620342"
"807","2014-02-01 00:00:00","24","804","1","0","0","1046","0","620342"
"807","2014-08-01 00:00:00","56","804","1","0","0","1554","0","620342"
"807","2014-02-01 00:00:00","2","804","1","0","0","457","0","620343"
"807","2014-02-01 00:00:00","125","804","1","0","0","4852","0","6204"
"807","2014-01-01 00:00:00","17","804","1","0","0","447","0","6204"
"807","2014-06-01 00:00:00","2","804","1","0","0","84","0","6204"
"807","2014-05-01 00:00:00","52","804","1","0","0","1611","0","6204"
"807","2014-08-01 00:00:00","18","804","1","0","0","319","0","6204"
"807","2014-07-01 00:00:00","317","804","1","0","0","9363","0","6204"
"807","2014-09-01 00:00:00","167","804","1","0","0","3003","0","6204"
"807","2014-10-01 00:00:00","275","804","1","0","0","3889","0","6204"
"807","2014-11-01 00:00:00","47","804","1","0","0","578","0","6204"
"807","2014-09-01 00:00:00","17","804","1","0","0","375","0","620431"
"807","2014-05-01 00:00:00","0","804","1","0","0","24","0","620431"
"807","2014-02-01 00:00:00","2","804","1","0","0","26","0","620432"
"807","2014-10-01 00:00:00","19","804","1","0","0","370","0","620432"
"807","2014-02-01 00:00:00","5","804","1","0","0","203","0","620433"
"807","2014-05-01 00:00:00","2","804","1","0","0","55","0","620433"
"807","2014-09-01 00:00:00","25","804","1","0","0","407","0","620433"
"807","2014-07-01 00:00:00","102","804","1","0","0","2652","0","620433"
"807","2014-05-01 00:00:00","10","804","1","0","0","350","0","620439"
"807","2014-10-01 00:00:00","3","804","1","0","0","129","0","620439"
"807","2014-10-01 00:00:00","37","804","1","0","0","435","0","620441"
"807","2014-10-01 00:00:00","76","804","1","0","0","1170","0","620442"
"807","2014-05-01 00:00:00","0","804","1","0","0","8","0","620443"
"807","2014-02-01 00:00:00","14","804","1","0","0","681","0","620443"
"807","2014-07-01 00:00:00","2","804","1","0","0","51","0","620443"
"807","2014-09-01 00:00:00","51","804","1","0","0","806","0","620443"
"807","2014-09-01 00:00:00","6","804","1","0","0","84","0","620444"
"807","2014-07-01 00:00:00","2","804","1","0","0","57","0","620444"
"807","2014-02-01 00:00:00","0","804","1","0","0","7","0","620444"
"807","2014-02-01 00:00:00","3","804","1","0","0","513","0","620449"
"807","2014-07-01 00:00:00","15","804","1","0","0","577","0","620451"
"807","2014-10-01 00:00:00","39","804","1","0","0","480","0","620451"
"807","2014-10-01 00:00:00","34","804","1","0","0","455","0","620452"
"807","2014-07-01 00:00:00","42","804","1","0","0","1033","0","620452"
"807","2014-02-01 00:00:00","5","804","1","0","0","329","0","620452"
"807","2014-02-01 00:00:00","28","804","1","0","0","890","0","620453"
"807","2014-01-01 00:00:00","14","804","1","0","0","402","0","620453"
"807","2014-05-01 00:00:00","18","804","1","0","0","700","0","620453"
"807","2014-06-01 00:00:00","2","804","1","0","0","84","0","620453"
"807","2014-07-01 00:00:00","38","804","1","0","0","1227","0","620453"
"807","2014-09-01 00:00:00","12","804","1","0","0","331","0","620453"
"807","2014-10-01 00:00:00","44","804","1","0","0","540","0","620453"
"807","2014-11-01 00:00:00","47","804","1","0","0","578","0","620453"
"807","2014-10-01 00:00:00","0","804","1","0","0","12","0","620459"
"807","2014-05-01 00:00:00","5","804","1","0","0","129","0","620459"
"807","2014-02-01 00:00:00","0","804","1","0","0","13","0","620459"
"807","2014-09-01 00:00:00","39","804","1","0","0","704","0","620461"
"807","2014-07-01 00:00:00","10","804","1","0","0","336","0","620461"
"807","2014-08-01 00:00:00","18","804","1","0","0","319","0","620461"
"807","2014-02-01 00:00:00","60","804","1","0","0","1966","0","620462"
"807","2014-05-01 00:00:00","11","804","1","0","0","173","0","620462"
"807","2014-10-01 00:00:00","20","804","1","0","0","225","0","620462"
"807","2014-02-01 00:00:00","8","804","1","0","0","225","0","620463"
"807","2014-01-01 00:00:00","3","804","1","0","0","45","0","620463"
"807","2014-07-01 00:00:00","56","804","1","0","0","1767","0","620463"
"807","2014-09-01 00:00:00","16","804","1","0","0","297","0","620463"
"807","2014-07-01 00:00:00","49","804","1","0","0","1664","0","620469"
"807","2014-05-01 00:00:00","5","804","1","0","0","172","0","620469"
"807","2014-10-01 00:00:00","2","804","1","0","0","72","0","620469"
"807","2014-10-01 00:00:00","5","804","1","0","0","506","0","6205"
"807","2014-05-01 00:00:00","5","804","1","0","0","773","0","6205"
"807","2014-01-01 00:00:00","5","804","1","0","0","350","0","6205"
"807","2014-02-01 00:00:00","28","804","1","0","0","3183","0","6205"
"807","2014-08-01 00:00:00","39","804","1","0","0","343","0","6205"
"807","2014-09-01 00:00:00","13","804","1","0","0","190","0","6205"
"807","2014-09-01 00:00:00","13","804","1","0","0","190","0","620520"
"807","2014-08-01 00:00:00","39","804","1","0","0","343","0","620520"
"807","2014-02-01 00:00:00","28","804","1","0","0","3183","0","620520"
"807","2014-01-01 00:00:00","5","804","1","0","0","350","0","620520"
"807","2014-05-01 00:00:00","5","804","1","0","0","773","0","620520"
"807","2014-10-01 00:00:00","5","804","1","0","0","506","0","620520"
"807","2014-10-01 00:00:00","6","804","1","0","0","93","0","6206"
"807","2014-05-01 00:00:00","32","804","1","0","0","1245","0","6206"
"807","2014-08-01 00:00:00","14","804","1","0","0","697","0","6206"
"807","2014-07-01 00:00:00","0","804","1","0","0","47","0","6206"
"807","2014-07-01 00:00:00","0","804","1","0","0","47","0","620630"
"807","2014-05-01 00:00:00","3","804","1","0","0","92","0","620630"
"807","2014-05-01 00:00:00","29","804","1","0","0","1154","0","620640"
"807","2014-08-01 00:00:00","14","804","1","0","0","697","0","620640"
"807","2014-10-01 00:00:00","6","804","1","0","0","93","0","620640"
"807","2014-09-01 00:00:00","6","804","1","0","0","501","0","6211"
"807","2014-05-01 00:00:00","2","804","1","0","0","232","0","6211"
"807","2014-05-01 00:00:00","2","804","1","0","0","232","0","621133"
"807","2014-09-01 00:00:00","6","804","1","0","0","501","0","621133"
"807","2014-08-01 00:00:00","0","804","2","0","0","15819","0","63"
"807","2014-08-01 00:00:00","1212","804","2","0","0","15819","0","6302"
"807","2014-08-01 00:00:00","69","804","2","0","0","912","0","630231"
"807","2014-08-01 00:00:00","1142","804","2","0","0","14907","0","630260"
"807","2014-09-01 00:00:00","0","804","1","0","0","1062","0","64"
"807","2014-02-01 00:00:00","0","804","1","0","0","1609","0","64"
"807","2014-12-01 00:00:00","0","804","1","0","0","249","0","64"
"807","2014-03-01 00:00:00","0","804","1","0","0","3568","0","64"
"807","2014-03-01 00:00:00","18","804","1","0","0","3256","0","6403"
"807","2014-02-01 00:00:00","82","804","1","0","0","974","0","6403"
"807","2014-09-01 00:00:00","106","804","1","0","0","1062","0","6403"
"807","2014-03-01 00:00:00","18","804","1","0","0","3256","0","640319"
"807","2014-02-01 00:00:00","82","804","1","0","0","974","0","640359"
"807","2014-09-01 00:00:00","93","804","1","0","0","933","0","640391"
"807","2014-09-01 00:00:00","13","804","1","0","0","130","0","640399"
"807","2014-02-01 00:00:00","54","804","1","0","0","635","0","6404"
"807","2014-03-01 00:00:00","6","804","1","0","0","312","0","6404"
"807","2014-03-01 00:00:00","6","804","1","0","0","312","0","640411"
"807","2014-02-01 00:00:00","54","804","1","0","0","635","0","640420"
"807","2014-12-01 00:00:00","7","804","1","0","0","249","0","6405"
"807","2014-12-01 00:00:00","7","804","1","0","0","249","0","640520"
"807","2014-11-01 00:00:00","0","804","1","0","0","3","0","65"
"807","2014-02-01 00:00:00","0","804","1","0","0","61","0","65"
"807","2014-02-01 00:00:00","6","804","1","0","0","61","0","6505"
"807","2014-11-01 00:00:00","0","804","1","0","0","3","0","6505"
"807","2014-11-01 00:00:00","0","804","1","0","0","3","0","650500"
"807","2014-02-01 00:00:00","6","804","1","0","0","61","0","650500"
"807","2014-06-01 00:00:00","0","804","2","0","0","10764","0","68"
"807","2014-06-01 00:00:00","32","804","2","0","0","10764","0","6815"
"807","2014-06-01 00:00:00","32","804","2","0","0","10764","0","681510"
"807","2014-02-01 00:00:00","0","804","2","0","0","14037","0","69"
"807","2014-08-01 00:00:00","0","804","2","0","0","4399","0","69"
"807","2014-09-01 00:00:00","0","804","2","0","0","7445","0","69"
"807","2014-12-01 00:00:00","0","804","1","0","0","10","0","69"
"807","2014-12-01 00:00:00","0","804","2","0","0","5216","0","69"
"807","2014-12-01 00:00:00","20795","804","2","0","0","5216","0","6902"
"807","2014-09-01 00:00:00","34656","804","2","0","0","7445","0","6902"
"807","2014-08-01 00:00:00","20674","804","2","0","0","4399","0","6902"
"807","2014-02-01 00:00:00","60530","804","2","0","0","14037","0","6902"
"807","2014-02-01 00:00:00","60530","804","2","0","0","14037","0","690220"
"807","2014-08-01 00:00:00","20674","804","2","0","0","4399","0","690220"
"807","2014-09-01 00:00:00","34656","804","2","0","0","7445","0","690220"
"807","2014-12-01 00:00:00","20795","804","2","0","0","5216","0","690220"
"807","2014-12-01 00:00:00","2","804","1","0","0","10","0","6912"
"807","2014-12-01 00:00:00","2","804","1","0","0","10","0","691200"
"807","2014-12-01 00:00:00","0","804","2","0","0","36348","0","71"
"807","2014-12-01 00:00:00","7054","804","2","0","0","36348","0","7103"
"807","2014-12-01 00:00:00","7054","804","2","0","0","36348","0","710310"
"807","2014-11-01 00:00:00","0","804","2","0","0","5078912","0","72"
"807","2014-10-01 00:00:00","0","804","2","0","0","6492082","0","72"
"807","2014-09-01 00:00:00","0","804","2","0","0","8618019","0","72"
"807","2014-08-01 00:00:00","0","804","2","0","0","1439134","0","72"
"807","2014-07-01 00:00:00","0","804","2","0","0","10070382","0","72"
"807","2014-07-01 00:00:00","0","804","1","0","0","992588","0","72"
"807","2014-01-01 00:00:00","0","804","1","0","0","2343371","0","72"
"807","2014-06-01 00:00:00","0","804","1","0","0","980252","0","72"
"807","2014-05-01 00:00:00","0","804","1","0","0","1168452","0","72"
"807","2014-05-01 00:00:00","815099","804","1","0","0","1168452","0","7202"
"807","2014-06-01 00:00:00","688878","804","1","0","0","980252","0","7202"
"807","2014-01-01 00:00:00","1244078","804","1","0","0","2343371","0","7202"
"807","2014-07-01 00:00:00","693313","804","1","0","0","992588","0","7202"
"807","2014-07-01 00:00:00","191450","804","2","0","0","188396","0","7202"
"807","2014-07-01 00:00:00","693313","804","1","0","0","992588","0","720221"
"807","2014-01-01 00:00:00","1244078","804","1","0","0","2343371","0","720221"
"807","2014-06-01 00:00:00","688878","804","1","0","0","980252","0","720221"
"807","2014-05-01 00:00:00","815099","804","1","0","0","1168452","0","720221"
"807","2014-07-01 00:00:00","191450","804","2","0","0","188396","0","720230"
"807","2014-07-01 00:00:00","20498700","804","2","0","0","9881987","0","7207"
"807","2014-09-01 00:00:00","15921020","804","2","0","0","7665863","0","7207"
"807","2014-10-01 00:00:00","11658680","804","2","0","0","5474462","0","7207"
"807","2014-11-01 00:00:00","9014040","804","2","0","0","4115978","0","7207"
"807","2014-11-01 00:00:00","9014040","804","2","0","0","4115978","0","720712"
"807","2014-10-01 00:00:00","11658680","804","2","0","0","5474462","0","720712"
"807","2014-09-01 00:00:00","15921020","804","2","0","0","7665863","0","720712"
"807","2014-07-01 00:00:00","20498700","804","2","0","0","9881987","0","720712"
"807","2014-09-01 00:00:00","2089740","804","2","0","0","952157","0","7208"
"807","2014-08-01 00:00:00","3216790","804","2","0","0","1435945","0","7208"
"807","2014-10-01 00:00:00","2168870","804","2","0","0","1010801","0","7208"
"807","2014-11-01 00:00:00","2117970","804","2","0","0","962935","0","7208"
"807","2014-11-01 00:00:00","299580","804","2","0","0","139529","0","720837"
"807","2014-10-01 00:00:00","572600","804","2","0","0","266860","0","720837"
"807","2014-08-01 00:00:00","405920","804","2","0","0","181459","0","720837"
"807","2014-09-01 00:00:00","587470","804","2","0","0","268269","0","720837"
"807","2014-09-01 00:00:00","928170","804","2","0","0","426483","0","720838"
"807","2014-08-01 00:00:00","911060","804","2","0","0","408366","0","720838"
"807","2014-10-01 00:00:00","854920","804","2","0","0","398435","0","720838"
"807","2014-11-01 00:00:00","715510","804","2","0","0","330521","0","720838"
"807","2014-11-01 00:00:00","1102880","804","2","0","0","492884","0","720839"
"807","2014-10-01 00:00:00","741350","804","2","0","0","345506","0","720839"
"807","2014-08-01 00:00:00","1899810","804","2","0","0","846120","0","720839"
"807","2014-09-01 00:00:00","574100","804","2","0","0","257404","0","720839"
"807","2014-08-01 00:00:00","6990","804","2","0","0","3188","0","7225"
"807","2014-10-01 00:00:00","14630","804","2","0","0","6819","0","7225"
"807","2014-10-01 00:00:00","14630","804","2","0","0","6819","0","722530"
"807","2014-08-01 00:00:00","6990","804","2","0","0","3188","0","722530"
"807","2014-08-01 00:00:00","0","804","2","0","0","23670","0","73"
"807","2014-09-01 00:00:00","0","804","1","0","0","1275","0","73"
"807","2014-09-01 00:00:00","0","804","2","0","0","3766","0","73"
"807","2014-07-01 00:00:00","0","804","1","0","0","1688","0","73"
"807","2014-04-01 00:00:00","0","804","2","0","0","44058","0","73"
"807","2014-06-01 00:00:00","0","804","2","0","0","16554","0","73"
"807","2014-01-01 00:00:00","0","804","1","0","0","396","0","73"
"807","2014-03-01 00:00:00","0","804","2","0","0","158","0","73"
"807","2014-10-01 00:00:00","0","804","2","0","0","57751","0","73"
"807","2014-11-01 00:00:00","0","804","1","0","0","7858","0","73"
"807","2014-11-01 00:00:00","0","804","2","0","0","27438","0","73"
"807","2014-01-01 00:00:00","62","804","1","0","0","396","0","7307"
"807","2014-07-01 00:00:00","272","804","1","0","0","1688","0","7307"
"807","2014-07-01 00:00:00","272","804","1","0","0","1688","0","730719"
"807","2014-01-01 00:00:00","62","804","1","0","0","396","0","730719"
"807","2014-06-01 00:00:00","13130","804","2","0","0","16554","0","7312"
"807","2014-04-01 00:00:00","19150","804","2","0","0","25691","0","7312"
"807","2014-08-01 00:00:00","20400","804","2","0","0","23670","0","7312"
"807","2014-11-01 00:00:00","20460","804","2","0","0","23559","0","7312"
"807","2014-11-01 00:00:00","20460","804","2","0","0","23559","0","731210"
"807","2014-08-01 00:00:00","20400","804","2","0","0","23670","0","731210"
"807","2014-04-01 00:00:00","19150","804","2","0","0","25691","0","731210"
"807","2014-06-01 00:00:00","13130","804","2","0","0","16554","0","731210"
"807","2014-04-01 00:00:00","12104","804","2","0","0","17453","0","7315"
"807","2014-04-01 00:00:00","12104","804","2","0","0","17453","0","731582"
"807","2014-11-01 00:00:00","0","804","1","0","0","2","0","7318"
"807","2014-11-01 00:00:00","0","804","1","0","0","2","0","731815"
"807","2014-04-01 00:00:00","128","804","2","0","0","914","0","7320"
"807","2014-04-01 00:00:00","128","804","2","0","0","914","0","732020"
"807","2014-11-01 00:00:00","2924","804","1","0","0","7856","0","7321"
"807","2014-11-01 00:00:00","912","804","1","0","0","2305","0","732119"
"807","2014-11-01 00:00:00","2012","804","1","0","0","5551","0","732189"
"807","2014-10-01 00:00:00","30","804","2","0","0","57751","0","7326"
"807","2014-11-01 00:00:00","17","804","2","0","0","3879","0","7326"
"807","2014-03-01 00:00:00","30","804","2","0","0","158","0","7326"
"807","2014-09-01 00:00:00","123","804","1","0","0","1275","0","7326"
"807","2014-09-01 00:00:00","68","804","2","0","0","3766","0","7326"
"807","2014-11-01 00:00:00","17","804","2","0","0","3879","0","732619"
"807","2014-10-01 00:00:00","30","804","2","0","0","57751","0","732619"
"807","2014-09-01 00:00:00","68","804","2","0","0","3766","0","732690"
"807","2014-09-01 00:00:00","123","804","1","0","0","1275","0","732690"
"807","2014-03-01 00:00:00","30","804","2","0","0","158","0","732690"
"807","2014-03-01 00:00:00","0","804","2","0","0","142721","0","74"
"807","2014-02-01 00:00:00","0","804","2","0","0","143657","0","74"
"807","2014-01-01 00:00:00","0","804","2","0","0","439726","0","74"
"807","2014-04-01 00:00:00","0","804","2","0","0","131106","0","74"
"807","2014-06-01 00:00:00","0","804","2","0","0","278352","0","74"
"807","2014-08-01 00:00:00","0","804","2","0","0","285605","0","74"
"807","2014-09-01 00:00:00","0","804","2","0","0","294367","0","74"
"807","2014-07-01 00:00:00","0","804","2","0","0","570509","0","74"
"807","2014-05-01 00:00:00","0","804","2","0","0","424523","0","74"
"807","2014-10-01 00:00:00","0","804","2","0","0","272054","0","74"
"807","2014-11-01 00:00:00","0","804","2","0","0","407172","0","74"
"807","2014-11-01 00:00:00","60758","804","2","0","0","407172","0","7408"
"807","2014-10-01 00:00:00","39606","804","2","0","0","272054","0","7408"
"807","2014-05-01 00:00:00","62099","804","2","0","0","424523","0","7408"
"807","2014-07-01 00:00:00","80265","804","2","0","0","570509","0","7408"
"807","2014-09-01 00:00:00","40528","804","2","0","0","294367","0","7408"
"807","2014-08-01 00:00:00","40072","804","2","0","0","285605","0","7408"
"807","2014-06-01 00:00:00","40071","804","2","0","0","278352","0","7408"
"807","2014-04-01 00:00:00","20000","804","2","0","0","131106","0","7408"
"807","2014-01-01 00:00:00","60471","804","2","0","0","439726","0","7408"
"807","2014-02-01 00:00:00","19994","804","2","0","0","143657","0","7408"
"807","2014-03-01 00:00:00","19961","804","2","0","0","142721","0","7408"
"807","2014-03-01 00:00:00","19961","804","2","0","0","142721","0","740811"
"807","2014-02-01 00:00:00","19994","804","2","0","0","143657","0","740811"
"807","2014-01-01 00:00:00","60471","804","2","0","0","439726","0","740811"
"807","2014-04-01 00:00:00","20000","804","2","0","0","131106","0","740811"
"807","2014-06-01 00:00:00","40071","804","2","0","0","278352","0","740811"
"807","2014-08-01 00:00:00","40072","804","2","0","0","285605","0","740811"
"807","2014-09-01 00:00:00","33528","804","2","0","0","243783","0","740811"
"807","2014-07-01 00:00:00","80265","804","2","0","0","570509","0","740811"
"807","2014-05-01 00:00:00","50099","804","2","0","0","341494","0","740811"
"807","2014-10-01 00:00:00","36606","804","2","0","0","251114","0","740811"
"807","2014-11-01 00:00:00","56766","804","2","0","0","381054","0","740811"
"807","2014-11-01 00:00:00","3992","804","2","0","0","26118","0","740819"
"807","2014-10-01 00:00:00","3000","804","2","0","0","20940","0","740819"
"807","2014-05-01 00:00:00","12000","804","2","0","0","83030","0","740819"
"807","2014-09-01 00:00:00","7000","804","2","0","0","50583","0","740819"
"807","2014-07-01 00:00:00","0","804","1","0","0","618","0","76"
"807","2014-07-01 00:00:00","16","804","1","0","0","618","0","7616"
"807","2014-07-01 00:00:00","16","804","1","0","0","618","0","761699"
"807","2014-04-01 00:00:00","0","804","1","0","0","141","0","83"
"807","2014-11-01 00:00:00","0","804","1","0","0","16","0","83"
"807","2014-11-01 00:00:00","0","804","1","0","0","16","0","8302"
"807","2014-04-01 00:00:00","7","804","1","0","0","141","0","8302"
"807","2014-11-01 00:00:00","0","804","1","0","0","16","0","830220"
"807","2014-04-01 00:00:00","7","804","1","0","0","141","0","830230"
"807","2014-04-01 00:00:00","0","804","1","0","0","158529","0","84"
"807","2014-03-01 00:00:00","0","804","2","0","0","11901","0","84"
"807","2014-02-01 00:00:00","0","804","2","0","0","26919","0","84"
"807","2014-06-01 00:00:00","0","804","2","0","0","120576","0","84"
"807","2014-04-01 00:00:00","0","804","2","0","0","1986","0","84"
"807","2014-07-01 00:00:00","0","804","1","0","0","1997","0","84"
"807","2014-09-01 00:00:00","0","804","2","0","0","134656","0","84"
"807","2014-08-01 00:00:00","0","804","2","0","0","1181","0","84"
"807","2014-11-01 00:00:00","0","804","1","0","0","470","0","84"
"807","2014-10-01 00:00:00","0","804","2","0","0","15228","0","84"
"807","2014-11-01 00:00:00","0","804","2","0","0","151212","0","84"
"807","2014-12-01 00:00:00","0","804","1","0","0","328","0","84"
"807","2014-10-01 00:00:00","0","804","1","0","0","818615","0","84"
"807","2014-12-01 00:00:00","0","804","2","0","0","20640","0","84"
"807","2014-12-01 00:00:00","0","804","1","0","0","38","0","8412"
"807","2014-12-01 00:00:00","0","804","1","0","0","38","0","841221"
"807","2014-11-01 00:00:00","3315","804","2","0","0","71583","0","8413"
"807","2014-11-01 00:00:00","1515","804","2","0","0","24827","0","841370"
"807","2014-11-01 00:00:00","1800","804","2","0","0","46755","0","841391"
"807","2014-09-01 00:00:00","1559","804","2","0","0","14364","0","8414"
"807","2014-07-01 00:00:00","85","804","1","0","0","1997","0","8414"
"807","2014-03-01 00:00:00","1080","804","2","0","0","11901","0","8414"
"807","2014-07-01 00:00:00","85","804","1","0","0","1997","0","841430"
"807","2014-09-01 00:00:00","1419","804","2","0","0","12910","0","841451"
"807","2014-03-01 00:00:00","620","804","2","0","0","6361","0","841451"
"807","2014-03-01 00:00:00","460","804","2","0","0","5541","0","841459"
"807","2014-09-01 00:00:00","140","804","2","0","0","1454","0","841459"
"807","2014-10-01 00:00:00","1","804","2","0","0","3325","0","8415"
"807","2014-10-01 00:00:00","1","804","2","0","0","3325","0","841590"
"807","2014-09-01 00:00:00","892","804","2","0","0","6039","0","8418"
"807","2014-09-01 00:00:00","676","804","2","0","0","4151","0","841850"
"807","2014-09-01 00:00:00","216","804","2","0","0","1888","0","841899"
"807","2014-09-01 00:00:00","155","804","2","0","0","3251","0","8419"
"807","2014-09-01 00:00:00","155","804","2","0","0","3251","0","841981"
"807","2014-06-01 00:00:00","1447","804","2","0","0","13176","0","8421"
"807","2014-11-01 00:00:00","0","804","1","0","0","17","0","8421"
"807","2014-11-01 00:00:00","5","804","2","0","0","911","0","8421"
"807","2014-11-01 00:00:00","0","804","1","0","0","17","0","842123"
"807","2014-06-01 00:00:00","388","804","2","0","0","2877","0","842123"
"807","2014-06-01 00:00:00","1059","804","2","0","0","10299","0","842131"
"807","2014-11-01 00:00:00","5","804","2","0","0","911","0","842199"
"807","2014-12-01 00:00:00","56","804","1","0","0","291","0","8431"
"807","2014-12-01 00:00:00","56","804","1","0","0","291","0","843120"
"807","2014-04-01 00:00:00","7491","804","1","0","0","158529","0","8438"
"807","2014-04-01 00:00:00","7491","804","1","0","0","158529","0","843860"
"807","2014-10-01 00:00:00","26130","804","1","0","0","818615","0","8445"
"807","2014-10-01 00:00:00","26130","804","1","0","0","818615","0","844540"
"807","2014-06-01 00:00:00","39320","804","2","0","0","107401","0","8455"
"807","2014-06-01 00:00:00","39320","804","2","0","0","107401","0","845530"
"807","2014-09-01 00:00:00","500","804","2","0","0","18177","0","8462"
"807","2014-09-01 00:00:00","500","804","2","0","0","18177","0","846229"
"807","2014-09-01 00:00:00","13000","804","2","0","0","79632","0","8466"
"807","2014-09-01 00:00:00","13000","804","2","0","0","79632","0","846694"
"807","2014-02-01 00:00:00","13","804","2","0","0","26919","0","8471"
"807","2014-12-01 00:00:00","8","804","2","0","0","15142","0","8471"
"807","2014-12-01 00:00:00","8","804","2","0","0","15142","0","847180"
"807","2014-02-01 00:00:00","13","804","2","0","0","26919","0","847180"
"807","2014-11-01 00:00:00","2205","804","2","0","0","66783","0","8472"
"807","2014-11-01 00:00:00","2205","804","2","0","0","66783","0","847290"
"807","2014-09-01 00:00:00","1","804","2","0","0","454","0","8473"
"807","2014-09-01 00:00:00","1","804","2","0","0","454","0","847330"
"807","2014-09-01 00:00:00","330","804","2","0","0","12740","0","8479"
"807","2014-09-01 00:00:00","330","804","2","0","0","12740","0","847981"
"807","2014-10-01 00:00:00","0","804","2","0","0","1400","0","8481"
"807","2014-10-01 00:00:00","0","804","2","0","0","1400","0","848180"
"807","2014-10-01 00:00:00","2","804","2","0","0","9451","0","8482"
"807","2014-11-01 00:00:00","2","804","1","0","0","93","0","8482"
"807","2014-08-01 00:00:00","86","804","2","0","0","1181","0","8482"
"807","2014-11-01 00:00:00","2","804","1","0","0","93","0","848220"
"807","2014-10-01 00:00:00","2","804","2","0","0","5250","0","848220"
"807","2014-10-01 00:00:00","0","804","2","0","0","4200","0","848230"
"807","2014-08-01 00:00:00","86","804","2","0","0","1181","0","848250"
"807","2014-04-01 00:00:00","50","804","2","0","0","1986","0","8483"
"807","2014-10-01 00:00:00","34","804","2","0","0","1052","0","8483"
"807","2014-11-01 00:00:00","12","804","1","0","0","361","0","8483"
"807","2014-11-01 00:00:00","888","804","2","0","0","11936","0","8483"
"807","2014-12-01 00:00:00","152","804","2","0","0","5498","0","8483"
"807","2014-11-01 00:00:00","873","804","2","0","0","11226","0","848310"
"807","2014-11-01 00:00:00","15","804","2","0","0","711","0","848330"
"807","2014-10-01 00:00:00","14","804","2","0","0","571","0","848340"
"807","2014-12-01 00:00:00","18","804","2","0","0","463","0","848340"
"807","2014-11-01 00:00:00","12","804","1","0","0","361","0","848350"
"807","2014-10-01 00:00:00","20","804","2","0","0","482","0","848390"
"807","2014-12-01 00:00:00","135","804","2","0","0","5035","0","848390"
"807","2014-04-01 00:00:00","50","804","2","0","0","1986","0","848390"
"807","2014-04-01 00:00:00","0","804","2","0","0","9733","0","85"
"807","2014-05-01 00:00:00","0","804","1","0","0","8352","0","85"
"807","2014-06-01 00:00:00","0","804","1","0","0","140849","0","85"
"807","2014-02-01 00:00:00","0","804","2","0","0","19825","0","85"
"807","2014-01-01 00:00:00","0","804","1","0","0","53449","0","85"
"807","2014-02-01 00:00:00","0","804","1","0","0","107947","0","85"
"807","2014-08-01 00:00:00","0","804","2","0","0","15506","0","85"
"807","2014-09-01 00:00:00","0","804","1","0","0","64954","0","85"
"807","2014-09-01 00:00:00","0","804","2","0","0","47370","0","85"
"807","2014-07-01 00:00:00","0","804","1","0","0","78065","0","85"
"807","2014-08-01 00:00:00","0","804","1","0","0","192809","0","85"
"807","2014-03-01 00:00:00","0","804","1","0","0","8451","0","85"
"807","2014-10-01 00:00:00","0","804","2","0","0","103370","0","85"
"807","2014-11-01 00:00:00","0","804","1","0","0","631468","0","85"
"807","2014-11-01 00:00:00","0","804","2","0","0","42074","0","85"
"807","2014-10-01 00:00:00","0","804","1","0","0","172851","0","85"
"807","2014-12-01 00:00:00","0","804","1","0","0","705198","0","85"
"807","2014-11-01 00:00:00","0","804","1","0","0","28","0","8501"
"807","2014-11-01 00:00:00","0","804","1","0","0","28","0","850110"
"807","2014-04-01 00:00:00","36","804","2","0","0","1402","0","8503"
"807","2014-04-01 00:00:00","36","804","2","0","0","1402","0","850300"
"807","2014-06-01 00:00:00","38658","804","1","0","0","140601","0","8507"
"807","2014-02-01 00:00:00","39550","804","1","0","0","107894","0","8507"
"807","2014-01-01 00:00:00","19417","804","1","0","0","53301","0","8507"
"807","2014-08-01 00:00:00","61281","804","1","0","0","180940","0","8507"
"807","2014-07-01 00:00:00","19898","804","1","0","0","66032","0","8507"
"807","2014-09-01 00:00:00","20732","804","1","0","0","53833","0","8507"
"807","2014-08-01 00:00:00","1240","804","2","0","0","15506","0","8507"
"807","2014-11-01 00:00:00","221204","804","1","0","0","612384","0","8507"
"807","2014-12-01 00:00:00","257228","804","1","0","0","695166","0","8507"
"807","2014-10-01 00:00:00","59896","804","1","0","0","171717","0","8507"
"807","2014-10-01 00:00:00","39550","804","1","0","0","105604","0","850710"
"807","2014-12-01 00:00:00","257228","804","1","0","0","695166","0","850710"
"807","2014-11-01 00:00:00","181531","804","1","0","0","487210","0","850710"
"807","2014-08-01 00:00:00","1240","804","2","0","0","15506","0","850710"
"807","2014-09-01 00:00:00","20732","804","1","0","0","53833","0","850710"
"807","2014-08-01 00:00:00","40979","804","1","0","0","109171","0","850710"
"807","2014-01-01 00:00:00","19417","804","1","0","0","53301","0","850710"
"807","2014-02-01 00:00:00","39550","804","1","0","0","107894","0","850710"
"807","2014-06-01 00:00:00","38658","804","1","0","0","140601","0","850720"
"807","2014-08-01 00:00:00","20302","804","1","0","0","71769","0","850720"
"807","2014-07-01 00:00:00","19898","804","1","0","0","66032","0","850720"
"807","2014-11-01 00:00:00","39673","804","1","0","0","125174","0","850720"
"807","2014-10-01 00:00:00","20346","804","1","0","0","66113","0","850720"
"807","2014-12-01 00:00:00","0","804","1","0","0","20","0","8511"
"807","2014-11-01 00:00:00","1","804","1","0","0","112","0","8511"
"807","2014-10-01 00:00:00","16","804","2","0","0","17151","0","8511"
"807","2014-11-01 00:00:00","0","804","1","0","0","75","0","851110"
"807","2014-11-01 00:00:00","0","804","1","0","0","37","0","851130"
"807","2014-12-01 00:00:00","0","804","1","0","0","20","0","851130"
"807","2014-10-01 00:00:00","16","804","2","0","0","17151","0","851140"
"807","2014-11-01 00:00:00","0","804","1","0","0","16","0","8512"
"807","2014-09-01 00:00:00","0","804","1","0","0","36","0","8512"
"807","2014-09-01 00:00:00","0","804","1","0","0","36","0","851220"
"807","2014-11-01 00:00:00","0","804","1","0","0","16","0","851290"
"807","2014-11-01 00:00:00","5300","804","2","0","0","42074","0","8516"
"807","2014-09-01 00:00:00","5169","804","2","0","0","41890","0","8516"
"807","2014-09-01 00:00:00","5169","804","2","0","0","41890","0","851629"
"807","2014-11-01 00:00:00","5300","804","2","0","0","42074","0","851629"
"807","2014-10-01 00:00:00","28","804","2","0","0","8299","0","8517"
"807","2014-09-01 00:00:00","34","804","2","0","0","5480","0","8517"
"807","2014-02-01 00:00:00","131","804","2","0","0","19825","0","8517"
"807","2014-02-01 00:00:00","131","804","2","0","0","19825","0","851762"
"807","2014-09-01 00:00:00","34","804","2","0","0","5480","0","851762"
"807","2014-10-01 00:00:00","27","804","2","0","0","3924","0","851762"
"807","2014-10-01 00:00:00","1","804","2","0","0","4375","0","851769"
"807","2014-10-01 00:00:00","7","804","2","0","0","12251","0","8529"
"807","2014-10-01 00:00:00","7","804","2","0","0","12251","0","852990"
"807","2014-12-01 00:00:00","2","804","1","0","0","740","0","8532"
"807","2014-12-01 00:00:00","2","804","1","0","0","740","0","853229"
"807","2014-04-01 00:00:00","45","804","2","0","0","593","0","8533"
"807","2014-04-01 00:00:00","45","804","2","0","0","593","0","853329"
"807","2014-04-01 00:00:00","150","804","2","0","0","2593","0","8536"
"807","2014-05-01 00:00:00","175","804","1","0","0","7251","0","8536"
"807","2014-06-01 00:00:00","1","804","1","0","0","37","0","8536"
"807","2014-02-01 00:00:00","4","804","1","0","0","53","0","8536"
"807","2014-01-01 00:00:00","1","804","1","0","0","147","0","8536"
"807","2014-09-01 00:00:00","245","804","1","0","0","9975","0","8536"
"807","2014-07-01 00:00:00","255","804","1","0","0","11665","0","8536"
"807","2014-08-01 00:00:00","239","804","1","0","0","11388","0","8536"
"807","2014-12-01 00:00:00","215","804","1","0","0","8887","0","8536"
"807","2014-10-01 00:00:00","2","804","2","0","0","10150","0","8536"
"807","2014-11-01 00:00:00","227","804","1","0","0","10095","0","8536"
"807","2014-03-01 00:00:00","207","804","1","0","0","8337","0","8536"
"807","2014-11-01 00:00:00","13","804","1","0","0","727","0","853620"
"807","2014-07-01 00:00:00","5","804","1","0","0","343","0","853620"
"807","2014-09-01 00:00:00","13","804","1","0","0","802","0","853620"
"807","2014-05-01 00:00:00","12","804","1","0","0","404","0","853620"
"807","2014-05-01 00:00:00","13","804","1","0","0","1041","0","853649"
"807","2014-09-01 00:00:00","9","804","1","0","0","685","0","853649"
"807","2014-11-01 00:00:00","10","804","1","0","0","289","0","853649"
"807","2014-12-01 00:00:00","5","804","1","0","0","111","0","853649"
"807","2014-03-01 00:00:00","5","804","1","0","0","418","0","853649"
"807","2014-03-01 00:00:00","202","804","1","0","0","7920","0","853650"
"807","2014-12-01 00:00:00","210","804","1","0","0","8775","0","853650"
"807","2014-11-01 00:00:00","202","804","1","0","0","8769","0","853650"
"807","2014-10-01 00:00:00","0","804","2","0","0","700","0","853650"
"807","2014-09-01 00:00:00","223","804","1","0","0","8488","0","853650"
"807","2014-07-01 00:00:00","249","804","1","0","0","11267","0","853650"
"807","2014-08-01 00:00:00","239","804","1","0","0","11388","0","853650"
"807","2014-05-01 00:00:00","151","804","1","0","0","5806","0","853650"
"807","2014-04-01 00:00:00","150","804","2","0","0","2593","0","853650"
"807","2014-06-01 00:00:00","1","804","1","0","0","37","0","853690"
"807","2014-01-01 00:00:00","1","804","1","0","0","147","0","853690"
"807","2014-02-01 00:00:00","4","804","1","0","0","53","0","853690"
"807","2014-07-01 00:00:00","1","804","1","0","0","55","0","853690"
"807","2014-10-01 00:00:00","2","804","2","0","0","9450","0","853690"
"807","2014-11-01 00:00:00","1","804","1","0","0","310","0","853690"
"807","2014-10-01 00:00:00","5","804","2","0","0","47251","0","8537"
"807","2014-10-01 00:00:00","5","804","2","0","0","47251","0","853710"
"807","2014-10-01 00:00:00","66","804","2","0","0","2143","0","8538"
"807","2014-03-01 00:00:00","1","804","1","0","0","114","0","8538"
"807","2014-07-01 00:00:00","4","804","1","0","0","293","0","8538"
"807","2014-09-01 00:00:00","9","804","1","0","0","634","0","8538"
"807","2014-04-01 00:00:00","207","804","2","0","0","5145","0","8538"
"807","2014-05-01 00:00:00","22","804","1","0","0","1101","0","8538"
"807","2014-05-01 00:00:00","12","804","1","0","0","269","0","853810"
"807","2014-05-01 00:00:00","10","804","1","0","0","832","0","853890"
"807","2014-04-01 00:00:00","207","804","2","0","0","5145","0","853890"
"807","2014-09-01 00:00:00","9","804","1","0","0","634","0","853890"
"807","2014-07-01 00:00:00","4","804","1","0","0","293","0","853890"
"807","2014-03-01 00:00:00","1","804","1","0","0","114","0","853890"
"807","2014-10-01 00:00:00","66","804","2","0","0","2143","0","853890"
"807","2014-10-01 00:00:00","2","804","2","0","0","6125","0","8543"
"807","2014-10-01 00:00:00","2","804","2","0","0","6125","0","854370"
"807","2014-11-01 00:00:00","1142","804","1","0","0","8541","0","8544"
"807","2014-11-01 00:00:00","1142","804","1","0","0","8541","0","854449"
"807","2014-11-01 00:00:00","8","804","1","0","0","292","0","8547"
"807","2014-12-01 00:00:00","4","804","1","0","0","386","0","8547"
"807","2014-10-01 00:00:00","24","804","1","0","0","1134","0","8547"
"807","2014-07-01 00:00:00","1","804","1","0","0","75","0","8547"
"807","2014-08-01 00:00:00","4","804","1","0","0","482","0","8547"
"807","2014-09-01 00:00:00","11","804","1","0","0","477","0","8547"
"807","2014-06-01 00:00:00","2","804","1","0","0","211","0","8547"
"807","2014-06-01 00:00:00","2","804","1","0","0","211","0","854720"
"807","2014-09-01 00:00:00","11","804","1","0","0","477","0","854720"
"807","2014-08-01 00:00:00","4","804","1","0","0","482","0","854720"
"807","2014-07-01 00:00:00","1","804","1","0","0","75","0","854720"
"807","2014-10-01 00:00:00","24","804","1","0","0","1134","0","854720"
"807","2014-12-01 00:00:00","4","804","1","0","0","386","0","854720"
"807","2014-11-01 00:00:00","8","804","1","0","0","292","0","854720"
"807","2014-11-01 00:00:00","0","804","1","0","0","395","0","87"
"807","2014-07-01 00:00:00","0","804","1","0","0","17466","0","87"
"807","2014-09-01 00:00:00","0","804","2","0","0","544","0","87"
"807","2014-02-01 00:00:00","0","804","1","0","0","185","0","87"
"807","2014-04-01 00:00:00","0","804","1","0","0","2580","0","87"
"807","2014-07-01 00:00:00","1646","804","1","0","0","17014","0","8703"
"807","2014-07-01 00:00:00","1646","804","1","0","0","17014","0","870323"
"807","2014-07-01 00:00:00","95","804","1","0","0","452","0","8708"
"807","2014-04-01 00:00:00","172","804","1","0","0","2580","0","8708"
"807","2014-02-01 00:00:00","6","804","1","0","0","185","0","8708"
"807","2014-11-01 00:00:00","3","804","1","0","0","395","0","8708"
"807","2014-04-01 00:00:00","172","804","1","0","0","2580","0","870821"
"807","2014-11-01 00:00:00","0","804","1","0","0","16","0","870829"
"807","2014-11-01 00:00:00","2","804","1","0","0","295","0","870840"
"807","2014-11-01 00:00:00","1","804","1","0","0","85","0","870880"
"807","2014-02-01 00:00:00","6","804","1","0","0","185","0","870891"
"807","2014-07-01 00:00:00","95","804","1","0","0","452","0","870893"
"807","2014-09-01 00:00:00","43","804","2","0","0","544","0","8716"
"807","2014-09-01 00:00:00","43","804","2","0","0","544","0","871680"
"807","2014-10-01 00:00:00","0","804","2","0","0","70001","0","88"
"807","2014-10-01 00:00:00","66","804","2","0","0","70001","0","8803"
"807","2014-10-01 00:00:00","66","804","2","0","0","70001","0","880320"
"807","2014-10-01 00:00:00","0","804","2","0","0","19601","0","90"
"807","2014-11-01 00:00:00","0","804","1","0","0","29","0","90"
"807","2014-12-01 00:00:00","0","804","1","0","0","44","0","90"
"807","2014-09-01 00:00:00","0","804","2","0","0","146468","0","90"
"807","2014-08-01 00:00:00","0","804","2","0","0","2004","0","90"
"807","2014-01-01 00:00:00","0","804","1","0","0","94","0","90"
"807","2014-03-01 00:00:00","0","804","2","0","0","500","0","90"
"807","2014-04-01 00:00:00","0","804","2","0","0","924","0","90"
"807","2014-10-01 00:00:00","4","804","2","0","0","11726","0","9014"
"807","2014-10-01 00:00:00","4","804","2","0","0","11726","0","901420"
"807","2014-12-01 00:00:00","0","804","1","0","0","44","0","9026"
"807","2014-12-01 00:00:00","0","804","1","0","0","44","0","902610"
"807","2014-01-01 00:00:00","0","804","1","0","0","94","0","9027"
"807","2014-01-01 00:00:00","0","804","1","0","0","94","0","902710"
"807","2014-04-01 00:00:00","11","804","2","0","0","924","0","9029"
"807","2014-10-01 00:00:00","2","804","2","0","0","7875","0","9029"
"807","2014-11-01 00:00:00","0","804","1","0","0","29","0","9029"
"807","2014-11-01 00:00:00","0","804","1","0","0","29","0","902910"
"807","2014-04-01 00:00:00","11","804","2","0","0","924","0","902920"
"807","2014-10-01 00:00:00","2","804","2","0","0","7875","0","902990"
"807","2014-03-01 00:00:00","0","804","2","0","0","500","0","9030"
"807","2014-08-01 00:00:00","4","804","2","0","0","2004","0","9030"
"807","2014-09-01 00:00:00","390","804","2","0","0","146468","0","9030"
"807","2014-08-01 00:00:00","4","804","2","0","0","2004","0","903010"
"807","2014-03-01 00:00:00","0","804","2","0","0","500","0","903010"
"807","2014-09-01 00:00:00","390","804","2","0","0","146468","0","903033"
"807","2014-10-01 00:00:00","0","804","2","0","0","4025","0","91"
"807","2014-10-01 00:00:00","2","804","2","0","0","4025","0","9104"
"807","2014-10-01 00:00:00","2","804","2","0","0","4025","0","910400"
"807","2014-08-01 00:00:00","0","804","1","0","0","2054","0","94"
"807","2014-07-01 00:00:00","0","804","2","0","0","9251","0","94"
"807","2014-03-01 00:00:00","0","804","2","0","0","16380","0","94"
"807","2014-02-01 00:00:00","0","804","1","0","0","12519","0","94"
"807","2014-02-01 00:00:00","450","804","1","0","0","6823","0","9401"
"807","2014-07-01 00:00:00","2923","804","2","0","0","9251","0","9401"
"807","2014-08-01 00:00:00","450","804","1","0","0","2054","0","9401"
"807","2014-07-01 00:00:00","711","804","2","0","0","2756","0","940130"
"807","2014-02-01 00:00:00","450","804","1","0","0","6823","0","940161"
"807","2014-08-01 00:00:00","450","804","1","0","0","2054","0","940169"
"807","2014-07-01 00:00:00","1658","804","2","0","0","4454","0","940171"
"807","2014-07-01 00:00:00","259","804","2","0","0","565","0","940179"
"807","2014-07-01 00:00:00","295","804","2","0","0","1476","0","940190"
"807","2014-02-01 00:00:00","450","804","1","0","0","5696","0","9403"
"807","2014-03-01 00:00:00","1028","804","2","0","0","16380","0","9403"
"807","2014-03-01 00:00:00","1028","804","2","0","0","16380","0","940320"
"807","2014-02-01 00:00:00","450","804","1","0","0","5696","0","940360"
"807","2014-01-01 00:00:00","0","804","1","0","0","1764","0","95"
"807","2014-06-01 00:00:00","0","804","1","0","0","28905","0","95"
"807","2014-11-01 00:00:00","0","804","1","0","0","276","0","95"
"807","2014-11-01 00:00:00","5","804","1","0","0","276","0","9503"
"807","2014-01-01 00:00:00","37","804","1","0","0","1764","0","9503"
"807","2014-01-01 00:00:00","37","804","1","0","0","1764","0","950300"
"807","2014-11-01 00:00:00","5","804","1","0","0","276","0","950300"
"807","2014-06-01 00:00:00","3143","804","1","0","0","28905","0","9506"
"807","2014-06-01 00:00:00","3143","804","1","0","0","28905","0","950662"
"807","2014-04-01 00:00:00","0","804","2","0","0","4985","0","97"
"807","2014-02-01 00:00:00","0","804","2","0","0","8193","0","97"
"807","2014-02-01 00:00:00","160","804","2","0","0","8193","0","9703"
"807","2014-04-01 00:00:00","64","804","2","0","0","4985","0","9703"
"807","2014-04-01 00:00:00","64","804","2","0","0","4985","0","970300"
"807","2014-02-01 00:00:00","160","804","2","0","0","8193","0","970300"
"807","2014-08-01 00:00:00","0","804","2","0","0","201581","0","99"
"807","2014-08-01 00:00:00","2318","804","2","0","0","201581","0","9999"
"807","2014-08-01 00:00:00","2318","804","2","0","0","201581","0","999999"
"807","2014-08-01 00:00:00","0","804","2","0","0","2028519","0","TOTAL"
"807","2014-09-01 00:00:00","0","804","1","0","0","582878","0","TOTAL"
"807","2014-09-01 00:00:00","0","804","2","0","0","9300471","0","TOTAL"
"807","2014-07-01 00:00:00","0","804","2","0","0","10662425","0","TOTAL"
"807","2014-05-01 00:00:00","0","804","2","0","0","482159","0","TOTAL"
"807","2014-08-01 00:00:00","0","804","1","0","0","1565106","0","TOTAL"
"807","2014-07-01 00:00:00","0","804","1","0","0","2734789","0","TOTAL"
"807","2014-02-01 00:00:00","0","804","2","0","0","642087","0","TOTAL"
"807","2014-01-01 00:00:00","0","804","2","0","0","1857747","0","TOTAL"
"807","2014-03-01 00:00:00","0","804","2","0","0","750518","0","TOTAL"
"807","2014-04-01 00:00:00","0","804","1","0","0","2200542","0","TOTAL"
"807","2014-01-01 00:00:00","0","804","1","0","0","2594196","0","TOTAL"
"807","2014-02-01 00:00:00","0","804","1","0","0","644577","0","TOTAL"
"807","2014-04-01 00:00:00","0","804","2","0","0","780945","0","TOTAL"
"807","2014-05-01 00:00:00","0","804","1","0","0","1865705","0","TOTAL"
"807","2014-06-01 00:00:00","0","804","1","0","0","2211023","0","TOTAL"
"807","2014-06-01 00:00:00","0","804","2","0","0","464377","0","TOTAL"
"807","2014-11-01 00:00:00","0","804","1","0","0","1667913","0","TOTAL"
"807","2014-10-01 00:00:00","0","804","2","0","0","7181308","0","TOTAL"
"807","2014-12-01 00:00:00","0","804","1","0","0","1007412","0","TOTAL"
"807","2014-10-01 00:00:00","0","804","1","0","0","2016156","0","TOTAL"
"807","2014-11-01 00:00:00","0","804","2","0","0","5843682","0","TOTAL"
"807","2014-03-01 00:00:00","0","804","1","0","0","223973","0","TOTAL"
"807","2014-12-01 00:00:00","0","804","2","0","0","253396","0","TOTAL"
